step,epoch,rf_loss,id_loss,total_loss,lam,gamma,lr,grad_norm,v_pred_absmax,target_v_absmax,lora_diff_mean,lora_grad_mean
1,1,0.809564,0.0,0.809564,0.0,0.0,1e-05,0.357474,4.65625,5.3125,0.0,0.0
2,1,0.851174,0.0,0.851174,0.0,0.0,1e-05,0.079935,4.875,5.21875,0.0,0.0
3,1,1.013392,0.0,1.013392,0.0,0.0,1e-05,0.081746,6.5,6.15625,9.6e-07,1e-08
4,1,0.850673,0.0,0.850673,0.0,0.0,1e-05,0.187376,6.1875,6.0,1.76e-06,4e-08
5,1,0.900883,0.0,0.900883,0.0,0.0,1e-05,0.125291,6.75,6.0,3.4e-06,2e-08
6,1,0.917551,0.0,0.917551,0.0,0.0,1e-05,0.180722,6.0625,5.5,4.67e-06,5e-08
7,1,1.002393,0.0,1.002393,0.0,0.0,1e-05,0.312761,4.65625,5.09375,5.01e-06,6e-08
8,1,0.933161,0.0,0.933161,0.0,0.0,1e-05,0.116006,4.4375,5.8125,5.95e-06,1e-08
9,1,1.124094,0.0,1.124094,0.0,0.0,1e-05,0.130303,5.8125,5.375,7.39e-06,2e-08
10,1,0.752394,0.0,0.752394,0.0,0.0,1e-05,0.097423,6.15625,6.59375,8.96e-06,2e-08
11,1,0.87214,0.0,0.87214,0.0,0.0,1e-05,0.143062,5.40625,6.40625,1.044e-05,3e-08
12,1,1.136633,0.0,1.136633,0.0,0.0,1e-05,0.198224,6.15625,6.5,1.196e-05,5e-08
13,1,1.075736,0.0,1.075736,0.0,0.0,1e-05,0.13703,4.53125,4.9375,1.352e-05,2e-08
14,1,0.917935,0.0,0.917935,0.0,0.0,1e-05,0.099776,5.875,6.15625,1.511e-05,1e-08
15,1,1.053647,0.0,1.053647,0.0,0.0,1e-05,0.280009,5.1875,5.1875,1.659e-05,1.2e-07
16,1,0.895116,0.0,0.895116,0.0,0.0,1e-05,0.106566,5.21875,4.9375,1.85e-05,2e-08
17,1,1.02272,0.0,1.02272,0.0,0.0,1e-05,0.191536,4.6875,5.375,2.032e-05,7e-08
18,1,0.934436,0.0,0.934436,0.0,0.0,1e-05,0.330652,5.71875,5.1875,2.208e-05,9e-08
19,1,1.048541,0.0,1.048541,0.0,0.0,1e-05,0.227685,5.625,5.8125,2.387e-05,1.1e-07
20,1,0.936667,0.0,0.936667,0.0,0.0,1e-05,0.106709,4.875,5.3125,2.496e-05,2e-08
21,1,0.774631,0.0,0.774631,0.0,0.0,1e-05,0.09827,5.9375,4.9375,2.601e-05,2e-08
22,1,0.901679,0.0,0.901679,0.0,0.0,1e-05,0.149509,5.21875,6.0,2.704e-05,4e-08
23,1,0.905327,0.0,0.905327,0.0,0.0,1e-05,0.121597,4.59375,5.125,2.814e-05,4e-08
24,1,0.790329,0.0,0.790329,0.0,0.0,1e-05,0.253395,5.46875,5.625,2.915e-05,7e-08
25,1,1.087092,0.0,1.087092,0.0,0.0,1e-05,0.146934,5.78125,6.1875,3.006e-05,2e-08
26,1,0.896952,0.0,0.896952,0.0,0.0,1e-05,0.173955,6.03125,5.8125,3.096e-05,9e-08
27,1,1.142426,0.0,1.142426,0.0,0.0,1e-05,0.184644,5.34375,5.21875,3.196e-05,2e-08
28,1,0.859487,0.0,0.859487,0.0,0.0,1e-05,0.124244,6.5625,5.1875,3.294e-05,3e-08
29,1,0.752712,0.0,0.752712,0.0,0.0,1e-05,0.128092,5.6875,6.25,3.39e-05,3e-08
30,1,1.18272,0.0,1.18272,0.0,0.0,1e-05,0.181625,5.0625,5.0,3.482e-05,3e-08
31,1,1.000661,0.0,1.000661,0.0,0.0,1e-05,0.293052,5.21875,4.75,3.568e-05,8e-08
32,1,0.833296,0.0,0.833296,0.0,0.0,1e-05,0.150351,5.75,5.5,3.648e-05,5e-08
33,1,1.127864,0.0,1.127864,0.0,0.0,1e-05,0.239113,5.84375,5.84375,3.729e-05,7e-08
34,1,0.775599,0.0,0.775599,0.0,0.0,1e-05,0.10899,5.34375,6.03125,3.799e-05,3e-08
35,1,0.829404,0.0,0.829404,0.0,0.0,1e-05,0.155223,5.4375,5.03125,3.87e-05,4e-08
36,1,0.899752,0.0,0.899752,0.0,0.0,1e-05,0.177666,6.375,5.59375,3.941e-05,7e-08
37,1,0.988515,0.0,0.988515,0.0,0.0,1e-05,0.249169,5.125,5.625,4.018e-05,1.2e-07
38,1,0.805911,0.0,0.805911,0.0,0.0,1e-05,0.143026,4.65625,5.0,4.096e-05,4e-08
39,1,0.93422,0.0,0.93422,0.0,0.0,1e-05,0.162114,5.75,5.3125,4.175e-05,3e-08
40,1,0.839124,0.0,0.839124,0.0,0.0,1e-05,0.138308,6.125,5.9375,4.257e-05,4e-08
41,1,1.104667,0.0,1.104667,0.0,0.0,1e-05,0.173084,5.1875,5.6875,4.328e-05,5e-08
42,1,0.901771,0.0,0.901771,0.0,0.0,1e-05,0.145198,5.1875,5.34375,4.399e-05,3e-08
43,1,0.923712,0.0,0.923712,0.0,0.0,1e-05,0.176042,4.875,5.28125,4.468e-05,3e-08
44,1,0.991798,0.0,0.991798,0.0,0.0,1e-05,0.183253,6.5,6.03125,4.539e-05,5e-08
45,1,0.857802,0.0,0.857802,0.0,0.0,1e-05,0.197781,5.71875,4.96875,4.618e-05,9e-08
46,1,0.866751,0.0,0.866751,0.0,0.0,1e-05,0.164916,5.5625,5.1875,4.713e-05,3e-08
47,1,1.031775,0.0,1.031775,0.0,0.0,1e-05,0.241488,6.125,6.03125,4.81e-05,6e-08
48,1,1.118094,0.0,1.118094,0.0,0.0,1e-05,0.301698,6.25,5.9375,4.883e-05,1.1e-07
49,1,0.835759,0.0,0.835759,0.0,0.0,1e-05,0.177265,5.15625,6.1875,4.975e-05,5e-08
50,1,0.858208,0.0,0.858208,0.0,0.0,1e-05,0.174157,6.3125,6.21875,5.06e-05,2e-08
51,1,1.052326,0.0,1.052326,0.0,0.0,1e-05,0.260301,6.25,5.75,5.142e-05,1.1e-07
52,1,0.831583,0.0,0.831583,0.0,0.0,1e-05,0.263587,5.03125,5.40625,5.217e-05,1.2e-07
53,1,0.905337,0.0,0.905337,0.0,0.0,1e-05,0.255619,5.53125,5.46875,5.316e-05,7e-08
54,1,1.011338,0.0,1.011338,0.0,0.0,1e-05,0.235537,5.59375,5.8125,5.43e-05,2e-08
55,1,0.836748,0.0,0.836748,0.0,0.0,1e-05,0.168037,5.125,5.96875,5.538e-05,5e-08
56,1,0.874037,0.0,0.874037,0.0,0.0,1e-05,0.204485,4.8125,5.59375,5.661e-05,4e-08
57,1,0.847275,0.0,0.847275,0.0,0.0,1e-05,0.300362,5.1875,5.9375,5.779e-05,9e-08
58,1,0.946459,0.0,0.946459,0.0,0.0,1e-05,0.271931,5.28125,5.0625,5.864e-05,5e-08
59,1,0.863208,0.0,0.863208,0.0,0.0,1e-05,0.256508,4.65625,4.625,5.957e-05,6e-08
60,1,0.848632,0.0,0.848632,0.0,0.0,1e-05,0.211367,5.59375,6.09375,6.042e-05,5e-08
61,1,0.842891,0.0,0.842891,0.0,0.0,1e-05,0.177291,5.0,5.28125,6.15e-05,5e-08
62,1,0.982914,0.0,0.982914,0.0,0.0,1e-05,0.295272,4.90625,5.5,6.263e-05,3e-08
63,1,0.873928,0.0,0.873928,0.0,0.0,1e-05,0.242751,5.34375,5.375,6.373e-05,7e-08
64,1,0.808979,0.0,0.808979,0.0,0.0,1e-05,0.195172,5.4375,5.625,6.453e-05,7e-08
65,1,0.808505,0.0,0.808505,0.0,0.0,1e-05,0.228804,4.78125,5.6875,6.501e-05,3e-08
66,1,0.833704,0.0,0.833704,0.0,0.0,1e-05,0.207892,5.53125,5.15625,6.54e-05,3e-08
67,1,0.782407,0.0,0.782407,0.0,0.0,1e-05,0.236531,5.28125,5.4375,6.577e-05,9e-08
68,1,0.877003,0.0,0.877003,0.0,0.0,1e-05,0.25161,5.59375,6.0625,6.601e-05,4e-08
69,1,0.844076,0.0,0.844076,0.0,0.0,1e-05,0.211246,5.53125,5.375,6.64e-05,4e-08
70,1,0.769837,0.0,0.769837,0.0,0.0,1e-05,0.255516,5.34375,5.5625,6.686e-05,7e-08
71,1,0.730259,0.0,0.730259,0.0,0.0,1e-05,0.250134,4.9375,5.375,6.752e-05,5e-08
72,1,0.859752,0.0,0.859752,0.0,0.0,1e-05,0.250198,5.75,6.3125,6.808e-05,3e-08
73,1,0.858675,0.0,0.858675,0.0,0.0,1e-05,0.295904,5.40625,6.8125,6.862e-05,6e-08
74,1,0.769227,0.0,0.769227,0.0,0.0,1e-05,0.25006,5.65625,6.5625,6.931e-05,4e-08
75,1,0.706213,0.0,0.706213,0.0,0.0,1e-05,0.133749,5.25,5.40625,7.002e-05,3e-08
76,1,0.723007,0.0,0.723007,0.0,0.0,1e-05,0.192333,5.125,5.3125,7.062e-05,1e-07
77,1,0.765343,0.0,0.765343,0.0,0.0,1e-05,0.227545,4.625,4.8125,7.068e-05,2e-08
78,1,0.700228,0.0,0.700228,0.0,0.0,1e-05,0.251998,4.9375,5.5,7.074e-05,4e-08
79,1,0.803052,0.0,0.803052,0.0,0.0,1e-05,0.278396,5.0625,5.28125,7.089e-05,9e-08
80,1,0.762259,0.0,0.762259,0.0,0.0,1e-05,0.189419,5.0,6.21875,7.101e-05,4e-08
81,1,0.788034,0.0,0.788034,0.0,0.0,1e-05,0.240536,5.125,5.875,7.124e-05,3e-08
82,1,0.874171,0.0,0.874171,0.0,0.0,1e-05,0.310899,5.1875,5.125,7.15e-05,4e-08
83,1,0.854527,0.0,0.854527,0.0,0.0,1e-05,0.225508,6.5625,6.375,7.189e-05,4e-08
84,1,0.708723,0.0,0.708723,0.0,0.0,1e-05,0.215668,4.65625,5.90625,7.223e-05,3e-08
85,1,0.716073,0.0,0.716073,0.0,0.0,1e-05,0.279714,4.875,5.09375,7.25e-05,4e-08
86,1,0.774071,0.0,0.774071,0.0,0.0,1e-05,0.264511,5.34375,5.6875,7.276e-05,9e-08
87,1,0.774236,0.0,0.774236,0.0,0.0,1e-05,0.288902,4.84375,5.71875,7.343e-05,1e-08
88,1,0.630637,0.0,0.630637,0.0,0.0,1e-05,0.173847,5.3125,5.0625,7.404e-05,5e-08
89,1,0.776418,0.0,0.776418,0.0,0.0,1e-05,0.238599,5.40625,5.75,7.459e-05,4e-08
90,1,0.704578,0.0,0.704578,0.0,0.0,1e-05,0.209901,5.46875,5.65625,7.522e-05,3e-08
91,1,0.918116,0.0,0.918116,0.0,0.0,1e-05,0.338945,4.75,5.0625,7.578e-05,3e-08
92,1,0.736977,0.0,0.736977,0.0,0.0,1e-05,0.25867,5.59375,5.3125,7.634e-05,5e-08
93,1,0.667221,0.0,0.667221,0.0,0.0,1e-05,0.255081,5.71875,5.875,7.693e-05,9e-08
94,1,0.788874,0.0,0.788874,0.0,0.0,1e-05,0.281845,5.125,6.5625,7.73e-05,3e-08
95,1,0.694143,0.0,0.694143,0.0,0.0,1e-05,0.24483,5.375,5.3125,7.773e-05,4e-08
96,1,0.998904,0.0,0.998904,0.0,0.0,1e-05,0.429579,5.875,5.75,7.827e-05,1.8e-07
97,1,0.794763,0.0,0.794763,0.0,0.0,1e-05,0.215355,4.71875,5.1875,7.964e-05,6e-08
98,1,0.599539,0.0,0.599539,0.0,0.0,1e-05,0.201637,6.5625,5.5625,8.096e-05,4e-08
99,1,0.789956,0.0,0.789956,0.0,0.0,1e-05,0.315862,5.34375,5.15625,8.228e-05,1.3e-07
100,1,0.764903,0.0,0.764903,0.0,0.0,1e-05,0.234628,5.9375,5.875,8.379e-05,1.1e-07
101,1,0.713237,0.0,0.713237,0.0,0.0,1e-05,0.402264,5.34375,5.75,8.558e-05,2.3e-07
102,1,0.726665,0.0,0.726665,0.0,0.0,1e-05,0.256717,5.84375,6.125,8.794e-05,4e-08
103,1,0.636567,0.0,0.636567,0.0,0.0,1e-05,0.186159,6.15625,5.875,9.022e-05,7e-08
104,1,0.728589,0.0,0.728589,0.0,0.0,1e-05,0.24072,6.25,6.03125,9.241e-05,3e-08
105,1,0.653167,0.0,0.653167,0.0,0.0,1e-05,0.213109,5.3125,5.96875,9.458e-05,9e-08
106,1,0.693848,0.0,0.693848,0.0,0.0,1e-05,0.216597,5.09375,5.4375,9.693e-05,8e-08
107,1,0.573469,0.0,0.573469,0.0,0.0,1e-05,0.207753,5.625,5.8125,9.898e-05,2.5e-07
108,1,0.704129,0.0,0.704129,0.0,0.0,1e-05,0.23252,5.625,5.1875,9.95e-05,7e-08
109,1,0.679091,0.0,0.679091,0.0,0.0,1e-05,0.244224,5.3125,5.40625,0.00010006,2e-08
110,1,0.688993,0.0,0.688993,0.0,0.0,1e-05,0.149466,,,,
111,2,0.655828,0.0,0.655828,0.0,0.0,1e-05,0.276547,4.28125,5.3125,0.00010107,1.7e-07
112,2,0.705429,0.0,0.705429,0.0,0.0,1e-05,0.200104,4.78125,5.625,0.00010141,2e-08
113,2,0.589906,0.0,0.589906,0.0,0.0,1e-05,0.202834,5.6875,5.15625,0.00010177,1.2e-07
114,2,0.734407,0.0,0.734407,0.0,0.0,1e-05,0.209928,5.46875,5.75,0.00010239,2e-08
115,2,0.701551,0.0,0.701551,0.0,0.0,1e-05,0.252011,6.21875,5.90625,0.000103,8e-08
116,2,0.663423,0.0,0.663423,0.0,0.0,1e-05,0.235797,5.03125,5.25,0.00010348,7e-08
117,2,0.702891,0.0,0.702891,0.0,0.0,1e-05,0.193309,4.6875,5.4375,0.00010408,3e-08
118,2,0.670062,0.0,0.670062,0.0,0.0,1e-05,0.332441,4.90625,5.28125,0.00010464,1.9e-07
119,2,0.625856,0.0,0.625856,0.0,0.0,1e-05,0.231633,4.15625,5.6875,0.00010494,1.3e-07
120,2,0.705341,0.0,0.705341,0.0,0.0,1e-05,0.34328,5.40625,5.1875,0.00010568,1.9e-07
121,2,0.761213,0.0,0.761213,0.0,0.0,1e-05,0.197302,5.34375,5.75,0.00010692,3e-08
122,2,0.652793,0.0,0.652793,0.0,0.0,1e-05,0.192587,4.28125,5.8125,0.00010809,4e-08
123,2,0.730724,0.0,0.730724,0.0,0.0,1e-05,0.215446,4.75,4.875,0.00010918,4e-08
124,2,0.621821,0.0,0.621821,0.0,0.0,1e-05,0.178103,4.9375,5.375,0.00011016,6e-08
125,2,0.705679,0.0,0.705679,0.0,0.0,1e-05,0.227036,5.0,5.6875,0.00011113,4e-08
126,2,0.587646,0.0,0.587646,0.0,0.0,1e-05,0.472127,4.96875,5.3125,0.00011202,2.7e-07
127,2,0.609733,0.0,0.609733,0.0,0.0,1e-05,0.169717,4.28125,5.5625,0.00011329,4e-08
128,2,0.590338,0.0,0.590338,0.0,0.0,1e-05,0.208569,5.125,5.4375,0.00011453,1.3e-07
129,2,0.631687,0.0,0.631687,0.0,0.0,1e-05,0.191293,5.6875,5.1875,0.0001158,7e-08
130,2,0.759494,0.0,0.759494,0.0,0.0,1e-05,0.226308,5.0,5.5,0.00011691,3e-08
131,2,0.733914,0.0,0.733914,0.0,0.0,1e-05,0.201379,5.34375,6.0625,0.00011794,1.1e-07
132,2,0.524235,0.0,0.524235,0.0,0.0,1e-05,0.206549,5.71875,5.5625,0.00011928,9e-08
133,2,0.66319,0.0,0.66319,0.0,0.0,1e-05,0.228772,4.5625,5.875,0.00012041,1.9e-07
134,2,0.633534,0.0,0.633534,0.0,0.0,1e-05,0.172487,4.78125,5.0,0.00012216,7e-08
135,2,0.671121,0.0,0.671121,0.0,0.0,1e-05,0.201723,5.375,5.25,0.00012371,5e-08
136,2,0.607997,0.0,0.607997,0.0,0.0,1e-05,0.336933,4.90625,5.15625,0.0001251,3.2e-07
137,2,0.736714,0.0,0.736714,0.0,0.0,1e-05,0.181821,5.34375,5.25,0.00012763,8e-08
138,2,0.591756,0.0,0.591756,0.0,0.0,1e-05,0.222667,4.53125,5.65625,0.00013022,1.7e-07
139,2,0.657692,0.0,0.657692,0.0,0.0,1e-05,0.184477,5.71875,5.90625,0.00013224,2e-08
140,2,0.637101,0.0,0.637101,0.0,0.0,1e-05,0.19986,4.40625,5.8125,0.00013407,1.8e-07
141,2,0.574144,0.0,0.574144,0.0,0.0,1e-05,0.225891,5.5,6.125,0.00013521,1.8e-07
142,2,0.69083,0.0,0.69083,0.0,0.0,1e-05,0.189067,6.4375,6.625,0.00013675,6e-08
143,2,0.694006,0.0,0.694006,0.0,0.0,1e-05,0.171792,4.125,4.96875,0.00013831,7e-08
144,2,0.628206,0.0,0.628206,0.0,0.0,1e-05,0.285712,4.65625,5.4375,0.00013971,3.6e-07
145,2,0.663707,0.0,0.663707,0.0,0.0,1e-05,0.203745,4.59375,5.65625,0.00013971,1.3e-07
146,2,0.645306,0.0,0.645306,0.0,0.0,1e-05,0.208229,5.3125,5.5,0.00014007,6e-08
147,2,0.752163,0.0,0.752163,0.0,0.0,1e-05,0.25887,5.09375,5.375,0.00014048,1.8e-07
148,2,0.498372,0.0,0.498372,0.0,0.0,1e-05,0.178984,5.125,6.5625,0.00014052,4e-08
149,2,0.680961,0.0,0.680961,0.0,0.0,1e-05,0.174604,5.15625,6.0,0.00014062,6e-08
150,2,0.63276,0.0,0.63276,0.0,0.0,1e-05,0.186485,4.25,4.9375,0.00014093,6e-08
151,2,0.538175,0.0,0.538175,0.0,0.0,1e-05,0.169226,4.6875,5.4375,0.00014138,4e-08
152,2,0.722143,0.0,0.722143,0.0,0.0,1e-05,0.185972,5.21875,6.375,0.00014181,2e-08
153,2,0.919723,0.0,0.919723,0.0,0.0,1e-05,0.299513,4.4375,6.03125,0.00014221,1.6e-07
154,2,0.597547,0.0,0.597547,0.0,0.0,1e-05,0.18558,5.75,5.9375,0.00014303,6e-08
155,2,0.544811,0.0,0.544811,0.0,0.0,1e-05,0.174528,4.25,5.0,0.0001438,8e-08
156,2,0.660076,0.0,0.660076,0.0,0.0,1e-05,0.167371,4.28125,5.53125,0.00014462,6e-08
157,2,0.573067,0.0,0.573067,0.0,0.0,1e-05,0.169454,4.875,5.875,0.00014534,8e-08
158,2,0.63407,0.0,0.63407,0.0,0.0,1e-05,0.203175,5.5625,5.3125,0.000146,1.1e-07
159,2,0.608792,0.0,0.608792,0.0,0.0,1e-05,0.163181,4.75,5.125,0.00014686,1e-07
160,2,0.534091,0.0,0.534091,0.0,0.0,1e-05,0.226048,5.25,5.5625,0.00014793,1.3e-07
161,2,0.604325,0.0,0.604325,0.0,0.0,1e-05,0.181646,5.25,5.4375,0.00014895,8e-08
162,2,0.546701,0.0,0.546701,0.0,0.0,1e-05,0.162596,5.3125,5.125,0.00014992,3e-08
163,2,0.621613,0.0,0.621613,0.0,0.0,1e-05,0.17704,5.125,6.40625,0.00015083,1.2e-07
164,2,0.556036,0.0,0.556036,0.0,0.0,1e-05,0.159836,4.75,5.125,0.000152,4e-08
165,2,0.55256,0.0,0.55256,0.0,0.0,1e-05,0.155831,4.4375,4.8125,0.00015312,4e-08
166,2,0.560513,0.0,0.560513,0.0,0.0,1e-05,0.1803,5.0625,5.40625,0.00015417,5e-08
167,2,0.592426,0.0,0.592426,0.0,0.0,1e-05,0.162484,4.75,5.15625,0.00015515,4e-08
168,2,0.543923,0.0,0.543923,0.0,0.0,1e-05,0.14443,4.25,5.375,0.00015619,4e-08
169,2,0.552137,0.0,0.552137,0.0,0.0,1e-05,0.164945,4.25,5.0,0.00015716,7e-08
170,2,0.498091,0.0,0.498091,0.0,0.0,1e-05,0.150949,4.59375,6.1875,0.00015797,5e-08
171,2,0.605639,0.0,0.605639,0.0,0.0,1e-05,0.330812,6.0,5.4375,0.00015881,2.2e-07
172,2,0.567777,0.0,0.567777,0.0,0.0,1e-05,0.193664,4.90625,5.5625,0.00016001,1.1e-07
173,2,0.691322,0.0,0.691322,0.0,0.0,1e-05,0.155006,5.53125,5.46875,0.00016152,8e-08
174,2,0.771919,0.0,0.771919,0.0,0.0,1e-05,0.186769,4.75,5.46875,0.00016275,1.4e-07
175,2,0.563536,0.0,0.563536,0.0,0.0,1e-05,0.16067,3.984375,5.75,0.00016374,9e-08
176,2,0.438116,0.0,0.438116,0.0,0.0,1e-05,0.143993,4.84375,5.28125,0.00016482,2e-08
177,2,0.509774,0.0,0.509774,0.0,0.0,1e-05,0.184186,4.65625,5.28125,0.00016585,9e-08
178,2,0.59211,0.0,0.59211,0.0,0.0,1e-05,0.183141,5.6875,5.6875,0.00016672,1e-07
179,2,0.533396,0.0,0.533396,0.0,0.0,1e-05,0.161821,5.75,6.0,0.00016768,6e-08
180,2,0.705045,0.0,0.705045,0.0,0.0,1e-05,0.331447,5.59375,5.875,0.00016859,2.7e-07
181,2,0.552482,0.0,0.552482,0.0,0.0,1e-05,0.15681,5.03125,5.5625,0.0001704,5e-08
182,2,0.538093,0.0,0.538093,0.0,0.0,1e-05,0.131497,4.53125,4.875,0.00017201,2e-08
183,2,0.487602,0.0,0.487602,0.0,0.0,1e-05,0.64097,5.1875,6.03125,0.0001735,5.1e-07
184,2,0.551551,0.0,0.551551,0.0,0.0,1e-05,0.141278,5.0,5.65625,0.00017511,2e-08
185,2,0.596641,0.0,0.596641,0.0,0.0,1e-05,0.169835,5.4375,5.9375,0.00017663,9e-08
186,2,0.561399,0.0,0.561399,0.0,0.0,1e-05,0.160686,4.03125,5.125,0.00017822,7e-08
187,2,0.714146,0.0,0.714146,0.0,0.0,1e-05,0.166881,4.59375,5.9375,0.00017959,7e-08
188,2,0.532985,0.0,0.532985,0.0,0.0,1e-05,0.182076,5.65625,5.78125,0.00018101,1e-07
189,2,0.554765,0.0,0.554765,0.0,0.0,1e-05,0.14055,5.1875,5.71875,0.00018236,7e-08
190,2,0.557559,0.0,0.557559,0.0,0.0,1e-05,0.155052,4.0625,5.375,0.00018375,7e-08
191,2,0.50175,0.0,0.50175,0.0,0.0,1e-05,0.145758,4.90625,6.1875,0.000185,4e-08
192,2,0.590106,0.0,0.590106,0.0,0.0,1e-05,0.158695,5.5,5.375,0.00018615,6e-08
193,2,0.478465,0.0,0.478465,0.0,0.0,1e-05,0.145631,5.1875,5.875,0.00018722,6e-08
194,2,0.426886,0.0,0.426886,0.0,0.0,1e-05,0.142205,5.1875,5.4375,0.00018819,3e-08
195,2,0.535763,0.0,0.535763,0.0,0.0,1e-05,0.171151,4.71875,5.4375,0.00018909,1e-07
196,2,0.647644,0.0,0.647644,0.0,0.0,1e-05,0.281645,5.5,5.8125,0.00018997,1.4e-07
197,2,0.474776,0.0,0.474776,0.0,0.0,1e-05,0.129403,4.34375,5.0,0.00019093,2e-08
198,2,0.505043,0.0,0.505043,0.0,0.0,1e-05,0.181726,5.03125,5.4375,0.00019182,1.2e-07
199,2,0.508319,0.0,0.508319,0.0,0.0,1e-05,0.191482,4.34375,5.09375,0.00019242,1.4e-07
200,2,0.480629,0.0,0.480629,0.0,0.0,1e-05,0.128767,4.6875,5.1875,0.00019322,2e-08
201,2,0.559687,0.0,0.559687,0.0,0.0,1e-05,0.151726,4.5625,5.46875,0.00019396,7e-08
202,2,0.455399,0.0,0.455399,0.0,0.0,1e-05,0.182524,5.0,5.46875,0.00019457,1.5e-07
203,2,0.575908,0.0,0.575908,0.0,0.0,1e-05,0.214562,4.53125,5.65625,0.00019521,1.9e-07
204,2,0.457557,0.0,0.457557,0.0,0.0,1e-05,0.211457,4.96875,5.28125,0.00019518,1.8e-07
205,2,0.431734,0.0,0.431734,0.0,0.0,1e-05,0.120032,5.625,5.625,0.0001951,1e-08
206,2,0.531712,0.0,0.531712,0.0,0.0,1e-05,0.141764,4.9375,5.625,0.00019503,8e-08
207,2,0.562738,0.0,0.562738,0.0,0.0,1e-05,0.20182,4.78125,6.25,0.00019523,2.3e-07
208,2,0.67742,0.0,0.67742,0.0,0.0,1e-05,0.234996,4.375,5.125,0.00019488,1.4e-07
209,2,0.490823,0.0,0.490823,0.0,0.0,1e-05,0.486073,4.875,5.625,0.00019442,1.04e-06
210,2,0.561277,0.0,0.561277,0.0,0.0,1e-05,0.51163,5.5,5.25,0.00019494,4.2e-07
211,2,0.448584,0.0,0.448584,0.0,0.0,1e-05,0.110308,4.90625,5.6875,0.00019509,1e-08
212,2,0.523993,0.0,0.523993,0.0,0.0,1e-05,0.347662,4.78125,5.96875,0.00019532,3.2e-07
213,2,0.562487,0.0,0.562487,0.0,0.0,1e-05,0.127272,5.0,6.0625,0.00019591,4e-08
214,2,0.576887,0.0,0.576887,0.0,0.0,1e-05,0.233674,4.1875,5.34375,0.00019656,1.6e-07
215,2,0.516367,0.0,0.516367,0.0,0.0,1e-05,0.126443,6.90625,6.4375,0.0001975,6e-08
216,2,0.635507,0.0,0.635507,0.0,0.0,1e-05,0.174678,4.71875,5.125,0.00019831,1.1e-07
217,2,0.536811,0.0,0.536811,0.0,0.0,1e-05,0.153141,4.0,5.625,0.00019935,9e-08
218,2,0.608647,0.0,0.608647,0.0,0.0,1e-05,0.139531,5.25,5.375,0.00020036,9e-08
219,2,0.689855,0.0,0.689855,0.0,0.0,1e-05,0.51282,5.09375,5.65625,0.00020132,4.3e-07
220,2,0.66741,0.0,0.66741,0.0,0.0,1e-05,0.101838,,,,
221,3,0.480939,0.0,0.480939,0.0,0.0,1e-05,0.139407,4.875,4.875,0.00020491,6e-08
222,3,0.546672,0.0,0.546672,0.0,0.0,1e-05,0.121528,4.625,5.375,0.00020653,4e-08
223,3,0.536067,0.0,0.536067,0.0,0.0,1e-05,0.149298,4.25,5.875,0.00020793,7e-08
224,3,0.638887,0.0,0.638887,0.0,0.0,1e-05,0.257857,6.0625,5.34375,0.0002094,1.9e-07
225,3,0.540151,0.0,0.540151,0.0,0.0,1e-05,0.272507,5.0625,5.6875,0.00021081,2.7e-07
226,3,0.525608,0.0,0.525608,0.0,0.0,1e-05,0.114604,4.28125,5.3125,0.00021166,6e-08
227,3,0.691915,0.0,0.691915,0.0,0.0,1e-05,0.4038,4.28125,5.1875,0.00021237,1.5e-07
228,3,0.564181,0.0,0.564181,0.0,0.0,1e-05,0.12034,5.3125,5.875,0.00021294,7e-08
229,3,0.483,0.0,0.483,0.0,0.0,1e-05,0.126082,5.03125,5.6875,0.00021361,5e-08
230,3,0.540723,0.0,0.540723,0.0,0.0,1e-05,0.113092,5.15625,5.84375,0.00021421,4e-08
231,3,0.476472,0.0,0.476472,0.0,0.0,1e-05,0.251683,5.5625,5.375,0.00021481,2e-07
232,3,0.498983,0.0,0.498983,0.0,0.0,1e-05,0.323145,5.34375,5.90625,0.00021504,4.2e-07
233,3,0.633317,0.0,0.633317,0.0,0.0,1e-05,0.291824,5.3125,6.15625,0.00021586,1.8e-07
234,3,0.43692,0.0,0.43692,0.0,0.0,1e-05,0.117417,5.03125,5.875,0.00021712,6e-08
235,3,0.624955,0.0,0.624955,0.0,0.0,1e-05,0.096661,4.4375,5.4375,0.00021837,1e-08
236,3,0.51218,0.0,0.51218,0.0,0.0,1e-05,0.148579,4.28125,5.5625,0.00021952,1e-07
237,3,0.484303,0.0,0.484303,0.0,0.0,1e-05,0.148431,5.1875,5.78125,0.00022049,8e-08
238,3,0.69673,0.0,0.69673,0.0,0.0,1e-05,0.413437,4.59375,5.0625,0.00022142,2.4e-07
239,3,0.441197,0.0,0.441197,0.0,0.0,1e-05,0.095702,4.125,5.1875,0.00022211,3e-08
240,3,0.609543,0.0,0.609543,0.0,0.0,1e-05,0.209334,4.6875,5.25,0.00022278,2e-07
241,3,0.45272,0.0,0.45272,0.0,0.0,1e-05,0.123293,4.65625,5.0,0.00022372,6e-08
242,3,0.429209,0.0,0.429209,0.0,0.0,1e-05,0.131469,5.40625,5.46875,0.00022453,7e-08
243,3,0.489057,0.0,0.489057,0.0,0.0,1e-05,0.17209,4.46875,5.21875,0.00022524,1.4e-07
244,3,0.555478,0.0,0.555478,0.0,0.0,1e-05,0.097627,5.09375,5.0625,0.00022569,4e-08
245,3,0.517485,0.0,0.517485,0.0,0.0,1e-05,0.107556,5.5625,6.125,0.0002261,1.5e-07
246,3,0.503433,0.0,0.503433,0.0,0.0,1e-05,0.200933,5.59375,5.8125,0.00022692,1.3e-07
247,3,0.505719,0.0,0.505719,0.0,0.0,1e-05,0.170151,6.65625,5.5,0.00022779,1.3e-07
248,3,0.546551,0.0,0.546551,0.0,0.0,1e-05,0.143119,4.1875,5.125,0.00022884,1e-07
249,3,0.520051,0.0,0.520051,0.0,0.0,1e-05,0.164568,5.625,5.875,0.00022966,9e-08
250,3,0.581644,0.0,0.581644,0.0,0.0,1e-05,0.318926,4.3125,5.6875,0.00023049,4.6e-07
251,3,0.509811,0.0,0.509811,0.0,0.0,1e-05,0.21634,6.59375,6.8125,0.00023016,1.1e-07
252,3,0.424589,0.0,0.424589,0.0,0.0,1e-05,0.096893,5.84375,6.125,0.00022973,5e-08
253,3,0.418355,0.0,0.418355,0.0,0.0,1e-05,0.125622,4.875,5.1875,0.0002294,5e-08
254,3,0.409992,0.0,0.409992,0.0,0.0,1e-05,0.176064,4.1875,5.1875,0.00022924,1e-07
255,3,0.433448,0.0,0.433448,0.0,0.0,1e-05,0.11663,4.9375,5.21875,0.00022922,6e-08
256,3,0.610025,0.0,0.610025,0.0,0.0,1e-05,0.152352,5.59375,5.625,0.00022922,9e-08
257,3,0.478419,0.0,0.478419,0.0,0.0,1e-05,0.119431,4.1875,5.3125,0.00022923,6e-08
258,3,0.478518,0.0,0.478518,0.0,0.0,1e-05,0.240955,3.953125,6.1875,0.00022931,1.7e-07
259,3,0.372443,0.0,0.372443,0.0,0.0,1e-05,0.092527,5.25,5.25,0.00022898,5e-08
260,3,0.581113,0.0,0.581113,0.0,0.0,1e-05,0.256204,4.90625,5.625,0.00022877,2.9e-07
261,3,0.446875,0.0,0.446875,0.0,0.0,1e-05,0.1753,4.28125,5.03125,0.00022809,1.5e-07
262,3,0.573176,0.0,0.573176,0.0,0.0,1e-05,0.15642,4.21875,5.34375,0.00022728,1e-07
263,3,0.462968,0.0,0.462968,0.0,0.0,1e-05,0.213642,5.6875,6.03125,0.00022682,3.9e-07
264,3,0.543652,0.0,0.543652,0.0,0.0,1e-05,0.211938,6.75,6.8125,0.00022748,1.4e-07
265,3,0.470209,0.0,0.470209,0.0,0.0,1e-05,0.160618,4.25,5.09375,0.00022824,8e-08
266,3,0.447702,0.0,0.447702,0.0,0.0,1e-05,0.149043,6.3125,5.5,0.00022887,1.2e-07
267,3,0.421231,0.0,0.421231,0.0,0.0,1e-05,0.422669,4.875,5.4375,0.00022977,3.4e-07
268,3,0.490031,0.0,0.490031,0.0,0.0,1e-05,0.137599,6.3125,7.59375,0.00023048,8e-08
269,3,0.491237,0.0,0.491237,0.0,0.0,1e-05,0.074831,4.90625,5.84375,0.00023104,1e-08
270,3,0.436283,0.0,0.436283,0.0,0.0,1e-05,0.083704,3.890625,5.59375,0.00023157,1e-08
271,3,0.551888,0.0,0.551888,0.0,0.0,1e-05,0.10955,5.40625,5.71875,0.00023208,6e-08
272,3,0.576756,0.0,0.576756,0.0,0.0,1e-05,0.086521,4.71875,5.625,0.00023256,1e-08
273,3,0.491991,0.0,0.491991,0.0,0.0,1e-05,0.123291,4.78125,5.5625,0.000233,7e-08
274,3,0.498281,0.0,0.498281,0.0,0.0,1e-05,0.101138,5.25,5.375,0.00023337,7e-08
275,3,0.408868,0.0,0.408868,0.0,0.0,1e-05,0.101071,4.8125,5.875,0.00023379,9e-08
276,3,0.623728,0.0,0.623728,0.0,0.0,1e-05,0.107348,5.4375,6.0,0.00023432,5e-08
277,3,0.442175,0.0,0.442175,0.0,0.0,1e-05,0.145332,5.125,5.9375,0.00023485,1.9e-07
278,3,0.417568,0.0,0.417568,0.0,0.0,1e-05,0.07815,4.96875,5.375,0.00023571,2e-08
279,3,0.460257,0.0,0.460257,0.0,0.0,1e-05,0.353301,5.65625,5.53125,0.00023649,2.6e-07
280,3,0.527345,0.0,0.527345,0.0,0.0,1e-05,0.080763,5.6875,5.40625,0.00023825,3e-08
281,3,0.468775,0.0,0.468775,0.0,0.0,1e-05,0.081059,4.5625,5.4375,0.00023982,3e-08
282,3,0.724918,0.0,0.724918,0.0,0.0,1e-05,0.231531,5.65625,6.1875,0.00024129,1.9e-07
283,3,0.396486,0.0,0.396486,0.0,0.0,1e-05,0.082762,4.375,5.84375,0.00024219,8e-08
284,3,0.382137,0.0,0.382137,0.0,0.0,1e-05,0.067778,4.65625,5.34375,0.00024317,3e-08
285,3,0.452441,0.0,0.452441,0.0,0.0,1e-05,0.073763,3.71875,5.25,0.0002441,4e-08
286,3,0.53605,0.0,0.53605,0.0,0.0,1e-05,0.129058,6.59375,7.1875,0.00024492,1.2e-07
287,3,0.482616,0.0,0.482616,0.0,0.0,1e-05,0.098459,4.59375,5.0625,0.00024567,6e-08
288,3,0.451478,0.0,0.451478,0.0,0.0,1e-05,0.073964,5.53125,5.65625,0.00024645,3e-08
289,3,0.503692,0.0,0.503692,0.0,0.0,1e-05,0.158083,4.75,5.875,0.00024716,1.1e-07
290,3,0.505746,0.0,0.505746,0.0,0.0,1e-05,0.442469,5.15625,5.75,0.00024803,3.6e-07
291,3,0.452891,0.0,0.452891,0.0,0.0,1e-05,0.132823,5.3125,5.5,0.00024989,7e-08
292,3,0.497858,0.0,0.497858,0.0,0.0,1e-05,0.223646,3.390625,5.375,0.00025151,1.6e-07
293,3,0.379773,0.0,0.379773,0.0,0.0,1e-05,0.056106,4.75,5.375,0.00025302,1e-08
294,3,0.375011,0.0,0.375011,0.0,0.0,1e-05,0.081691,4.5625,5.375,0.0002544,4e-08
295,3,0.395491,0.0,0.395491,0.0,0.0,1e-05,0.151108,5.84375,5.53125,0.00025557,1.7e-07
296,3,0.487173,0.0,0.487173,0.0,0.0,1e-05,0.06858,5.40625,6.34375,0.00025664,2e-08
297,3,0.506801,0.0,0.506801,0.0,0.0,1e-05,0.215629,4.96875,5.375,0.00025761,2.8e-07
298,3,0.484417,0.0,0.484417,0.0,0.0,1e-05,0.210204,4.875,5.875,0.00025923,1.7e-07
299,3,0.319961,0.0,0.319961,0.0,0.0,1e-05,0.07903,5.65625,5.8125,0.00026081,5e-08
300,3,0.569983,0.0,0.569983,0.0,0.0,1e-05,0.153498,4.84375,5.375,0.00026224,8e-08
301,3,0.45584,0.0,0.45584,0.0,0.0,1e-05,0.118634,3.84375,5.3125,0.00026351,1e-07
302,3,0.619787,0.0,0.619787,0.0,0.0,1e-05,0.2469,5.375,5.6875,0.00026449,1.6e-07
303,3,0.451028,0.0,0.451028,0.0,0.0,1e-05,0.155128,4.28125,5.3125,0.00026582,1.2e-07
304,3,0.646581,0.0,0.646581,0.0,0.0,1e-05,0.479156,5.75,6.25,0.00026708,3.2e-07
305,3,0.484082,0.0,0.484082,0.0,0.0,1e-05,0.168146,5.40625,5.71875,0.00026878,1.2e-07
306,3,0.491356,0.0,0.491356,0.0,0.0,1e-05,0.121973,4.375,5.125,0.00027054,1.3e-07
307,3,0.448822,0.0,0.448822,0.0,0.0,1e-05,0.08,3.875,5.3125,0.00027239,1e-08
308,3,0.501222,0.0,0.501222,0.0,0.0,1e-05,0.086033,4.53125,5.1875,0.00027407,6e-08
309,3,0.441024,0.0,0.441024,0.0,0.0,1e-05,0.140176,5.34375,6.21875,0.0002756,1.8e-07
310,3,0.475239,0.0,0.475239,0.0,0.0,1e-05,0.120237,5.65625,5.875,0.0002774,1e-07
311,3,0.372462,0.0,0.372462,0.0,0.0,1e-05,0.067864,5.40625,5.46875,0.00027901,3e-08
312,3,0.500702,0.0,0.500702,0.0,0.0,1e-05,0.117308,5.125,6.0625,0.00028048,1e-07
313,3,0.484949,0.0,0.484949,0.0,0.0,1e-05,0.119222,5.15625,5.65625,0.0002817,5e-08
314,3,0.509275,0.0,0.509275,0.0,0.0,1e-05,0.149544,4.53125,5.3125,0.00028281,8e-08
315,3,0.523717,0.0,0.523717,0.0,0.0,1e-05,0.213247,3.65625,5.875,0.00028379,2.9e-07
316,3,0.369191,0.0,0.369191,0.0,0.0,1e-05,0.066603,5.1875,5.40625,0.00028396,4e-08
317,3,0.428513,0.0,0.428513,0.0,0.0,1e-05,0.096113,4.625,5.25,0.00028408,5e-08
318,3,0.508596,0.0,0.508596,0.0,0.0,1e-05,0.161788,3.609375,5.625,0.00028414,1e-07
319,3,0.41106,0.0,0.41106,0.0,0.0,1e-05,0.160249,5.96875,6.25,0.00028421,1.1e-07
320,3,0.446542,0.0,0.446542,0.0,0.0,1e-05,0.118991,5.21875,5.03125,0.00028428,8e-08
321,3,0.560138,0.0,0.560138,0.0,0.0,1e-05,0.238891,5.15625,6.375,0.0002844,2.4e-07
322,3,0.424616,0.0,0.424616,0.0,0.0,1e-05,0.077922,4.96875,5.9375,0.00028517,6e-08
323,3,0.430724,0.0,0.430724,0.0,0.0,1e-05,0.094368,5.40625,4.875,0.00028584,4e-08
324,3,0.448924,0.0,0.448924,0.0,0.0,1e-05,0.085762,5.84375,6.34375,0.00028642,8e-08
325,3,0.37633,0.0,0.37633,0.0,0.0,1e-05,0.090691,4.5625,5.0625,0.00028704,3e-08
326,3,0.590837,0.0,0.590837,0.0,0.0,1e-05,2.512178,4.46875,5.0625,0.00028767,9.4e-07
327,3,0.44228,0.0,0.44228,0.0,0.0,1e-05,0.07252,5.40625,5.75,0.00028652,3e-08
328,3,0.462467,0.0,0.462467,0.0,0.0,1e-05,0.323876,4.78125,5.1875,0.00028557,4.9e-07
329,3,0.48212,0.0,0.48212,0.0,0.0,1e-05,0.079206,6.25,5.875,0.00028594,4e-08
330,3,0.571005,0.0,0.571005,0.0,0.0,1e-05,0.115988,,,,
331,4,0.446277,0.0,0.446277,0.0,0.0,1e-05,0.091671,4.96875,5.59375,0.00028668,6e-08
332,4,0.520172,0.0,0.520172,0.0,0.0,1e-05,0.517825,4.125,5.0625,0.00028704,6.1e-07
333,4,0.387833,0.0,0.387833,0.0,0.0,1e-05,0.097478,4.375,5.09375,0.00028666,9e-08
334,4,0.450816,0.0,0.450816,0.0,0.0,1e-05,0.056199,5.0625,5.5,0.00028628,3e-08
335,4,0.498064,0.0,0.498064,0.0,0.0,1e-05,0.152173,5.125,5.1875,0.00028599,9e-08
336,4,0.491155,0.0,0.491155,0.0,0.0,1e-05,0.057426,3.96875,5.1875,0.00028576,2e-08
337,4,0.48592,0.0,0.48592,0.0,0.0,1e-05,0.072401,5.875,6.3125,0.00028554,6e-08
338,4,0.506267,0.0,0.506267,0.0,0.0,1e-05,0.187216,4.1875,5.3125,0.00028534,1.5e-07
339,4,0.567497,0.0,0.567497,0.0,0.0,1e-05,0.08043,6.21875,5.75,0.00028514,5e-08
340,4,0.648458,0.0,0.648458,0.0,0.0,1e-05,0.178947,5.03125,6.0625,0.00028498,6e-08
341,4,0.509456,0.0,0.509456,0.0,0.0,1e-05,0.15476,4.75,4.9375,0.00028501,1.5e-07
342,4,0.363946,0.0,0.363946,0.0,0.0,1e-05,0.087514,4.96875,5.78125,0.00028489,6e-08
343,4,0.466504,0.0,0.466504,0.0,0.0,1e-05,0.074505,5.59375,5.75,0.00028484,6e-08
344,4,0.421066,0.0,0.421066,0.0,0.0,1e-05,0.060791,4.90625,5.375,0.00028487,3e-08
345,4,0.47566,0.0,0.47566,0.0,0.0,1e-05,0.100391,5.875,5.3125,0.00028492,8e-08
346,4,0.51431,0.0,0.51431,0.0,0.0,1e-05,0.17535,5.40625,5.65625,0.0002851,1.1e-07
347,4,0.477613,0.0,0.477613,0.0,0.0,1e-05,0.106663,5.875,6.125,0.00028529,7e-08
348,4,0.379194,0.0,0.379194,0.0,0.0,1e-05,0.124679,4.78125,5.15625,0.0002855,8e-08
349,4,0.465947,0.0,0.465947,0.0,0.0,1e-05,0.062869,4.0,4.96875,0.00028578,3e-08
350,4,0.417017,0.0,0.417017,0.0,0.0,1e-05,0.093587,4.875,5.75,0.000286,7e-08
351,4,0.409093,0.0,0.409093,0.0,0.0,1e-05,0.080955,4.875,5.28125,0.00028632,4e-08
352,4,0.568825,0.0,0.568825,0.0,0.0,1e-05,0.318985,4.46875,5.4375,0.00028663,2.2e-07
353,4,0.551641,0.0,0.551641,0.0,0.0,1e-05,0.142223,4.90625,5.6875,0.00028737,1e-07
354,4,0.310687,0.0,0.310687,0.0,0.0,1e-05,0.148382,5.59375,5.75,0.00028826,9e-08
355,4,0.428083,0.0,0.428083,0.0,0.0,1e-05,0.052378,3.375,5.53125,0.00028935,1e-08
356,4,0.659088,0.0,0.659088,0.0,0.0,1e-05,0.227125,5.8125,6.125,0.00029035,1.1e-07
357,4,0.463723,0.0,0.463723,0.0,0.0,1e-05,0.053724,5.03125,5.28125,0.00029146,1e-08
358,4,0.411781,0.0,0.411781,0.0,0.0,1e-05,0.055579,4.96875,5.5,0.00029247,2e-08
359,4,0.544095,0.0,0.544095,0.0,0.0,1e-05,0.266551,5.0625,6.28125,0.00029338,2.1e-07
360,4,0.511062,0.0,0.511062,0.0,0.0,1e-05,0.472198,5.1875,5.3125,0.00029403,6.5e-07
361,4,0.409129,0.0,0.409129,0.0,0.0,1e-05,0.047382,3.53125,5.6875,0.00029557,1e-08
362,4,0.513486,0.0,0.513486,0.0,0.0,1e-05,0.144391,5.09375,6.1875,0.00029701,9e-08
363,4,0.403664,0.0,0.403664,0.0,0.0,1e-05,0.061244,4.84375,5.46875,0.00029853,3e-08
364,4,0.538248,0.0,0.538248,0.0,0.0,1e-05,0.066345,5.1875,5.4375,0.00029993,2e-08
365,4,0.592834,0.0,0.592834,0.0,0.0,1e-05,0.455569,5.34375,5.3125,0.00030122,7.6e-07
366,4,0.452513,0.0,0.452513,0.0,0.0,1e-05,0.158846,5.78125,5.46875,0.00030381,9e-08
367,4,0.560929,0.0,0.560929,0.0,0.0,1e-05,0.18782,4.84375,5.4375,0.00030627,1.5e-07
368,4,0.557706,0.0,0.557706,0.0,0.0,1e-05,0.103219,3.453125,5.5625,0.00030822,4e-08
369,4,0.513699,0.0,0.513699,0.0,0.0,1e-05,0.25354,5.84375,6.4375,0.00030999,1.7e-07
370,4,0.319087,0.0,0.319087,0.0,0.0,1e-05,0.14702,5.78125,5.84375,0.00031184,2.5e-07
371,4,0.403635,0.0,0.403635,0.0,0.0,1e-05,0.050998,5.03125,5.53125,0.00031335,1e-08
372,4,0.457381,0.0,0.457381,0.0,0.0,1e-05,0.105663,5.75,6.15625,0.00031475,5e-08
373,4,0.480386,0.0,0.480386,0.0,0.0,1e-05,0.220464,5.0625,5.5,0.00031607,2.7e-07
374,4,0.490191,0.0,0.490191,0.0,0.0,1e-05,0.049679,4.4375,5.3125,0.00031688,0.0
375,4,0.49977,0.0,0.49977,0.0,0.0,1e-05,0.383769,4.25,5.875,0.00031762,4e-07
376,4,0.439667,0.0,0.439667,0.0,0.0,1e-05,0.055615,5.15625,5.875,0.00031736,1e-08
377,4,0.471207,0.0,0.471207,0.0,0.0,1e-05,0.109148,4.34375,5.4375,0.00031712,1.4e-07
378,4,0.470061,0.0,0.470061,0.0,0.0,1e-05,0.068232,5.59375,5.5,0.00031671,1e-08
379,4,0.624442,0.0,0.624442,0.0,0.0,1e-05,0.31478,4.625,6.125,0.00031635,3e-07
380,4,0.394886,0.0,0.394886,0.0,0.0,1e-05,0.09189,5.15625,5.71875,0.00031618,8e-08
381,4,0.358637,0.0,0.358637,0.0,0.0,1e-05,0.09959,5.90625,5.875,0.00031591,8e-08
382,4,0.618272,0.0,0.618272,0.0,0.0,1e-05,0.115509,3.53125,5.03125,0.00031585,8e-08
383,4,0.397962,0.0,0.397962,0.0,0.0,1e-05,0.071764,5.03125,5.1875,0.00031576,5e-08
384,4,0.503662,0.0,0.503662,0.0,0.0,1e-05,0.127644,5.1875,6.0625,0.00031581,1.4e-07
385,4,0.473079,0.0,0.473079,0.0,0.0,1e-05,0.409667,5.59375,5.625,0.00031609,2.1e-07
386,4,0.447018,0.0,0.447018,0.0,0.0,1e-05,0.105909,4.53125,5.21875,0.00031653,5e-08
387,4,0.431906,0.0,0.431906,0.0,0.0,1e-05,0.141932,5.5,6.5,0.000317,6e-08
388,4,0.500494,0.0,0.500494,0.0,0.0,1e-05,0.106434,3.71875,5.5,0.0003174,7e-08
389,4,0.387445,0.0,0.387445,0.0,0.0,1e-05,0.112226,5.09375,5.25,0.00031785,7e-08
390,4,0.38916,0.0,0.38916,0.0,0.0,1e-05,0.074518,5.15625,5.21875,0.00031815,6e-08
391,4,0.413621,0.0,0.413621,0.0,0.0,1e-05,0.100258,4.34375,5.71875,0.00031844,1e-07
392,4,0.533327,0.0,0.533327,0.0,0.0,1e-05,0.079219,4.78125,5.375,0.00031882,5e-08
393,4,0.310612,0.0,0.310612,0.0,0.0,1e-05,0.047348,5.25,5.65625,0.00031927,2e-08
394,4,0.556343,0.0,0.556343,0.0,0.0,1e-05,0.098505,5.65625,5.875,0.00031967,1.4e-07
395,4,0.495678,0.0,0.495678,0.0,0.0,1e-05,0.097748,4.8125,5.125,0.00032029,5e-08
396,4,0.417295,0.0,0.417295,0.0,0.0,1e-05,0.354455,4.375,5.5625,0.00032086,3.9e-07
397,4,0.609584,0.0,0.609584,0.0,0.0,1e-05,0.162571,6.21875,6.1875,0.00032181,9e-08
398,4,0.498904,0.0,0.498904,0.0,0.0,1e-05,0.067902,4.28125,5.5,0.00032262,4e-08
399,4,0.461617,0.0,0.461617,0.0,0.0,1e-05,0.099974,5.15625,5.625,0.00032339,7e-08
400,4,0.564405,0.0,0.564405,0.0,0.0,1e-05,0.150969,3.84375,5.1875,0.00032415,8e-08
401,4,0.431858,0.0,0.431858,0.0,0.0,1e-05,0.211093,5.9375,5.90625,0.00032504,1.3e-07
402,4,0.486222,0.0,0.486222,0.0,0.0,1e-05,0.041662,5.1875,5.25,0.00032562,0.0
403,4,0.389983,0.0,0.389983,0.0,0.0,1e-05,0.084729,5.375,5.875,0.00032615,5e-08
404,4,0.396095,0.0,0.396095,0.0,0.0,1e-05,0.11685,4.25,5.1875,0.0003267,1.8e-07
405,4,0.404997,0.0,0.404997,0.0,0.0,1e-05,0.064409,5.15625,5.78125,0.00032753,3e-08
406,4,0.476054,0.0,0.476054,0.0,0.0,1e-05,0.078648,5.09375,5.375,0.00032823,6e-08
407,4,0.496708,0.0,0.496708,0.0,0.0,1e-05,0.441649,5.71875,5.3125,0.00032891,5.2e-07
408,4,0.477976,0.0,0.477976,0.0,0.0,1e-05,0.059785,4.125,5.21875,0.00032812,2e-08
409,4,0.446282,0.0,0.446282,0.0,0.0,1e-05,0.123196,4.8125,5.15625,0.0003274,1.6e-07
410,4,0.472539,0.0,0.472539,0.0,0.0,1e-05,0.42769,5.34375,5.4375,0.00032631,3.9e-07
411,4,0.365457,0.0,0.365457,0.0,0.0,1e-05,0.094085,4.96875,5.1875,0.00032481,6e-08
412,4,0.379987,0.0,0.379987,0.0,0.0,1e-05,0.078802,5.3125,5.5625,0.00032355,7e-08
413,4,0.421211,0.0,0.421211,0.0,0.0,1e-05,0.216167,4.90625,5.96875,0.00032249,8e-08
414,4,0.459769,0.0,0.459769,0.0,0.0,1e-05,0.108654,4.4375,5.375,0.00032164,6e-08
415,4,0.47741,0.0,0.47741,0.0,0.0,1e-05,0.048177,5.46875,6.40625,0.00032094,0.0
416,4,0.345599,0.0,0.345599,0.0,0.0,1e-05,0.0814,5.84375,7.09375,0.00032031,5e-08
417,4,0.435359,0.0,0.435359,0.0,0.0,1e-05,0.070481,5.0625,5.8125,0.00031968,6e-08
418,4,0.405932,0.0,0.405932,0.0,0.0,1e-05,0.079173,4.78125,5.21875,0.00031899,6e-08
419,4,0.595429,0.0,0.595429,0.0,0.0,1e-05,0.547541,3.765625,5.0,0.00031829,3.6e-07
420,4,0.532522,0.0,0.532522,0.0,0.0,1e-05,0.383718,5.125,5.40625,0.00031868,2.9e-07
421,4,0.393695,0.0,0.393695,0.0,0.0,1e-05,0.157372,4.375,5.25,0.00031962,1.7e-07
422,4,0.468633,0.0,0.468633,0.0,0.0,1e-05,0.072222,5.25,5.5,0.00032029,4e-08
423,4,0.470578,0.0,0.470578,0.0,0.0,1e-05,0.212298,6.1875,6.0625,0.00032082,1.4e-07
424,4,0.412105,0.0,0.412105,0.0,0.0,1e-05,0.068198,4.8125,5.25,0.00032171,4e-08
425,4,0.330016,0.0,0.330016,0.0,0.0,1e-05,0.082845,5.90625,5.6875,0.00032253,6e-08
426,4,0.380503,0.0,0.380503,0.0,0.0,1e-05,0.086762,5.28125,5.71875,0.00032314,5e-08
427,4,0.466268,0.0,0.466268,0.0,0.0,1e-05,0.20046,4.375,5.21875,0.00032368,2.6e-07
428,4,0.356023,0.0,0.356023,0.0,0.0,1e-05,0.289094,4.4375,4.71875,0.0003246,1.5e-07
429,4,0.428378,0.0,0.428378,0.0,0.0,1e-05,0.045954,4.5,5.34375,0.00032548,2e-08
430,4,0.45092,0.0,0.45092,0.0,0.0,1e-05,0.04342,5.8125,5.78125,0.00032629,1e-08
431,4,0.488181,0.0,0.488181,0.0,0.0,1e-05,0.200465,5.53125,6.40625,0.00032703,1.3e-07
432,4,0.491201,0.0,0.491201,0.0,0.0,1e-05,0.046514,5.4375,5.375,0.00032755,1e-08
433,4,0.498743,0.0,0.498743,0.0,0.0,1e-05,0.12483,4.6875,5.75,0.00032803,7e-08
434,4,0.309576,0.0,0.309576,0.0,0.0,1e-05,0.176324,4.46875,5.1875,0.00032835,1.1e-07
435,4,0.343025,0.0,0.343025,0.0,0.0,1e-05,0.126532,4.46875,5.1875,0.00032865,1e-07
436,4,0.504848,0.0,0.504848,0.0,0.0,1e-05,0.307385,5.9375,6.09375,0.00032905,1.4e-07
437,4,0.443552,0.0,0.443552,0.0,0.0,1e-05,0.088474,5.0,5.96875,0.00032981,6e-08
438,4,0.472124,0.0,0.472124,0.0,0.0,1e-05,0.114555,4.9375,5.625,0.00033052,1.3e-07
439,4,0.362892,0.0,0.362892,0.0,0.0,1e-05,0.066423,4.8125,5.8125,0.0003314,4e-08
440,4,0.351891,0.0,0.351891,0.0,0.0,1e-05,0.040027,,,,
441,5,0.398522,0.0,0.398522,0.0,0.0,1e-05,0.088515,5.25,5.5,0.00033279,4e-08
442,5,0.471656,0.0,0.471656,0.0,0.0,1e-05,0.041427,4.625,5.4375,0.00033333,1e-08
443,5,0.465503,0.0,0.465503,0.0,0.0,1e-05,0.051039,4.84375,5.28125,0.00033381,2e-08
444,5,0.537166,0.0,0.537166,0.0,0.0,1e-05,0.053481,5.28125,5.1875,0.00033428,2e-08
445,5,0.32761,0.0,0.32761,0.0,0.0,1e-05,0.051044,3.796875,5.0625,0.00033472,3e-08
446,5,0.465038,0.0,0.465038,0.0,0.0,1e-05,0.043382,5.84375,6.0625,0.00033516,0.0
447,5,0.451685,0.0,0.451685,0.0,0.0,1e-05,0.11318,5.46875,7.0625,0.00033557,1.3e-07
448,5,0.341536,0.0,0.341536,0.0,0.0,1e-05,0.203743,5.4375,5.84375,0.00033631,2.6e-07
449,5,0.367425,0.0,0.367425,0.0,0.0,1e-05,0.077317,4.9375,5.1875,0.00033728,5e-08
450,5,0.380702,0.0,0.380702,0.0,0.0,1e-05,0.039846,3.453125,4.71875,0.0003381,1e-08
451,5,0.344858,0.0,0.344858,0.0,0.0,1e-05,0.03915,6.03125,5.8125,0.00033885,1e-08
452,5,0.46075,0.0,0.46075,0.0,0.0,1e-05,0.053579,4.96875,6.0,0.00033952,2e-08
453,5,0.442469,0.0,0.442469,0.0,0.0,1e-05,0.105703,5.1875,5.3125,0.00034017,1.4e-07
454,5,0.502677,0.0,0.502677,0.0,0.0,1e-05,0.103049,5.875,5.875,0.00034042,1.2e-07
455,5,0.501436,0.0,0.501436,0.0,0.0,1e-05,0.093534,4.875,6.125,0.00034067,4e-08
456,5,0.449672,0.0,0.449672,0.0,0.0,1e-05,0.067441,4.125,5.25,0.00034099,7e-08
457,5,0.465988,0.0,0.465988,0.0,0.0,1e-05,0.114038,5.15625,5.96875,0.00034112,7e-08
458,5,0.430388,0.0,0.430388,0.0,0.0,1e-05,0.314404,6.65625,7.125,0.00034112,3.3e-07
459,5,0.346278,0.0,0.346278,0.0,0.0,1e-05,0.038644,4.8125,5.125,0.00034106,1e-08
460,5,0.384572,0.0,0.384572,0.0,0.0,1e-05,0.103392,5.3125,6.0625,0.00034101,5e-08
461,5,0.511339,0.0,0.511339,0.0,0.0,1e-05,0.174294,5.0,5.75,0.00034093,1.4e-07
462,5,0.335552,0.0,0.335552,0.0,0.0,1e-05,0.029962,4.78125,5.5625,0.00034084,1e-08
463,5,0.325413,0.0,0.325413,0.0,0.0,1e-05,0.098154,5.59375,5.28125,0.00034075,6e-08
464,5,0.601622,0.0,0.601622,0.0,0.0,1e-05,0.184133,5.625,5.90625,0.00034073,2.8e-07
465,5,0.441022,0.0,0.441022,0.0,0.0,1e-05,0.116004,4.4375,5.40625,0.00034162,5e-08
466,5,0.415755,0.0,0.415755,0.0,0.0,1e-05,0.150155,5.5625,6.75,0.00034255,1e-07
467,5,0.393128,0.0,0.393128,0.0,0.0,1e-05,0.182046,5.21875,5.15625,0.00034346,1.6e-07
468,5,0.419039,0.0,0.419039,0.0,0.0,1e-05,0.103358,5.40625,5.53125,0.00034379,7e-08
469,5,0.472075,0.0,0.472075,0.0,0.0,1e-05,0.080304,3.1875,5.53125,0.00034419,4e-08
470,5,0.321764,0.0,0.321764,0.0,0.0,1e-05,0.230724,4.78125,5.25,0.00034458,1.6e-07
471,5,0.284676,0.0,0.284676,0.0,0.0,1e-05,0.089449,5.0625,5.53125,0.00034482,4e-08
472,5,0.361582,0.0,0.361582,0.0,0.0,1e-05,0.058462,4.6875,5.0,0.00034507,2e-08
473,5,0.466652,0.0,0.466652,0.0,0.0,1e-05,0.104051,5.09375,5.5625,0.00034531,6e-08
474,5,0.420277,0.0,0.420277,0.0,0.0,1e-05,0.053384,5.25,5.53125,0.00034554,3e-08
475,5,0.403582,0.0,0.403582,0.0,0.0,1e-05,0.045111,5.40625,5.5625,0.00034574,2e-08
476,5,0.424412,0.0,0.424412,0.0,0.0,1e-05,0.08033,4.78125,6.125,0.00034592,6e-08
477,5,0.434703,0.0,0.434703,0.0,0.0,1e-05,0.077825,4.0,5.875,0.0003461,4e-08
478,5,0.381047,0.0,0.381047,0.0,0.0,1e-05,0.050577,4.53125,5.25,0.0003462,4e-08
479,5,0.395997,0.0,0.395997,0.0,0.0,1e-05,0.075723,4.40625,5.375,0.00034638,8e-08
480,5,0.542872,0.0,0.542872,0.0,0.0,1e-05,0.077055,5.40625,5.3125,0.00034633,4e-08
481,5,0.462234,0.0,0.462234,0.0,0.0,1e-05,0.044235,4.71875,5.59375,0.00034631,2e-08
482,5,0.325669,0.0,0.325669,0.0,0.0,1e-05,0.341713,4.15625,5.03125,0.00034627,5.6e-07
483,5,0.475679,0.0,0.475679,0.0,0.0,1e-05,0.119892,5.28125,5.4375,0.00034457,1e-07
484,5,0.441014,0.0,0.441014,0.0,0.0,1e-05,0.219041,4.5625,5.15625,0.00034279,1.6e-07
485,5,0.321796,0.0,0.321796,0.0,0.0,1e-05,0.051917,4.96875,5.71875,0.0003415,3e-08
486,5,0.402768,0.0,0.402768,0.0,0.0,1e-05,0.042565,6.78125,7.15625,0.00034037,1e-08
487,5,0.470173,0.0,0.470173,0.0,0.0,1e-05,0.223443,5.09375,5.46875,0.00033937,4.5e-07
488,5,0.439583,0.0,0.439583,0.0,0.0,1e-05,0.168508,3.609375,5.34375,0.00033729,9e-08
489,5,0.448083,0.0,0.448083,0.0,0.0,1e-05,0.168449,4.90625,5.03125,0.00033529,8e-08
490,5,0.325972,0.0,0.325972,0.0,0.0,1e-05,0.038336,4.5625,4.9375,0.00033364,2e-08
491,5,0.516596,0.0,0.516596,0.0,0.0,1e-05,0.100392,3.78125,5.5625,0.00033216,5e-08
492,5,0.435059,0.0,0.435059,0.0,0.0,1e-05,0.07899,5.125,5.3125,0.00033086,5e-08
493,5,0.436976,0.0,0.436976,0.0,0.0,1e-05,0.042959,5.09375,5.3125,0.00032975,1e-08
494,5,0.353691,0.0,0.353691,0.0,0.0,1e-05,0.041715,3.40625,5.6875,0.00032874,2e-08
495,5,0.455283,0.0,0.455283,0.0,0.0,1e-05,0.039559,4.84375,6.5625,0.00032782,1e-08
496,5,0.372625,0.0,0.372625,0.0,0.0,1e-05,0.035047,5.09375,5.34375,0.00032698,1e-08
497,5,0.488032,0.0,0.488032,0.0,0.0,1e-05,0.054455,5.21875,5.53125,0.00032625,2e-08
498,5,0.476924,0.0,0.476924,0.0,0.0,1e-05,0.048809,5.0,5.3125,0.00032558,2e-08
499,5,0.348425,0.0,0.348425,0.0,0.0,1e-05,0.141946,4.78125,5.125,0.00032496,9e-08
500,5,0.30129,0.0,0.30129,0.0,0.0,1e-05,0.195729,6.0625,5.9375,0.00032458,1.2e-07
501,5,0.45317,0.0,0.45317,0.0,0.0,1e-05,0.042163,4.71875,5.34375,0.00032419,2e-08
502,5,0.541898,0.0,0.541898,0.0,0.0,1e-05,0.102041,4.34375,5.28125,0.00032387,5e-08
503,5,0.574684,0.0,0.574684,0.0,0.0,1e-05,0.052031,4.8125,5.4375,0.00032376,2e-08
